source,target,rel
conference,conference volume,1
has authors,awarded by,0
preference,review preference,1
conference member,belong to a conference volume,0
author,regular author,1
has a program committee,poster,0
email,has an email,1
reviewer,introduction of speaker,0
coauthor,contribution coauthor,1
libya,is part of conference volumes,0
paper abstract,abstract,1
presenter house,paper full version,0
document,conference document,1
is a date of camera ready paper submission,virtual meeting enabled by,0
chairman,chair,1
chair pc,organizing committee member,0
subject area,topic,1
program committee member,is an ending date,0
assigned by reviewer,invited by,1
sponzorship,ghana,0
assign external reviewer,invites coreviewers,1
author cd proceedings included,computer networks topic,0
program committee chair,chair pc,1
member,has program committee member,0
write paper,writes,1
topic,is sent by,0
conference member,member,1
has phone,slovenia,0
title,has title,1
name,tax,0
paper full version,paper,1
searched by,location,0
has been assigned,reviewes,1
trip,cancun,0
has author,written by,1
assign external reviewer,currency,0
program committee member,member pc,1
award,author,0
has subject area,deals with,1
default choice,has gender,0
paper,contribution,1
conference www,early registration,0
email,has email,1
date,person,0
has conference member,has member,1
review expertise,university,0
member of conference,is member of,1
has keyword,new zealand,0
has author,is written by,1
event,conference hiker,0
has been assigned,is reviewing,1
provided by,presenter university,0
assigned to,is reviewed by,1
is needed for,parallel and distributed computing topic,0
conference chair,general chair,1
thailand,car,0
program committee chair,program chair,1
has short title,paper abstract,0
submit paper,submit,1
has topic,best research paper award,0
conference participant,participant,1
georgia,tutorial speaker,0
has an email,has email,1
abstract,has a location,0
conference contribution,contribution,1
assign reviewer,late paid applicant,0
has a trackworkshoptutorial topic,has topic,1
conference,administrator,0
has the last name,has surname,1
listener,netherlands,0
has the first name,has first name,1
accepts hardcopy submissions,tutorial,0
conference participant,attendee,1
has a name,starts on,0
conference part,conference event,1
  the class has assigned as,workshop,0
has a review expertise,has rating,1
has workshops,syria,0
has the last name,has last name,1
la senda,conference,0
rejected contribution,rejected paper,1
card,registration of participants event,0
accepted contribution,accepted paper,1
conference airport,ghana,0
passive conference participant,listener,1
bronze supporter,person,0
active conference participant,speaker,1
is visited by,has a committee cochair,0
conference fees,fee,1
accepted contribution,cyprus,0
contributes,write,1
author cd proceedings included,finland,0
conference part,conference activity,1
is submitted at,numerical review question,0
submitted contribution,submission,1
listener,has a program committee,0
camera ready contribution,final manuscript,1
invites coreviewers,conference hall,0
conference proceedings,publication,1
deadline paper submission,speaker lecture,0
has an email,email,1
external reviewer,is a starting date,0
is given by,presentationed by,1
israel,transparency,0
gives presentations,presentation,1
has related paper,lecture,0
trip,excursion,1
money,program chair,0
reviewes,is reviewing,1
author,pay,0
written by,is written by,1
has a review,registration student,0
working event,academic event,1
car,best research paper award,0
has surname,has last name,1
has a trackworkshoptutorial chair,fee for extra trip,0
event,conference event,1
committee member,conference chair,0
participant,attendee,1
antennas topic,has vat,0
member pc,tpcm ember,1
information for participants,written by,0
writes,has related paper,1
written contribution,form,0
