source,target,rel
conference,conference volume,1
initial manuscipt,has country,0
preference,review preference,1
personal publication history,departure,0
author,regular author,1
organisation,tajikistan,0
email,has an email,1
trackworkshop chair,workshop,0
coauthor,contribution coauthor,1
plenary lecture speaker,is given by,0
paper abstract,abstract,1
card,was a trackworkshop chair of,0
document,conference document,1
review written by,accepted contribution,0
chairman,chair,1
volume contains paper,volunteer,0
subject area,topic,1
has a program committee,workshop,0
assigned by reviewer,invited by,1
has street,currency,0
assign external reviewer,invites coreviewers,1
conference participant,shuttle bus,0
program committee chair,chair pc,1
nonauthor registration fee,computer architecture topic,0
write paper,writes,1
positive review,invited by,0
conference member,member,1
has author,has fax,0
title,has title,1
botswana,neutral review,0
paper full version,paper,1
poster,event,0
has been assigned,reviewes,1
subject area,registeered applicant,0
has author,written by,1
publisher of,topic,0
program committee member,member pc,1
is an ending date,registration due on,0
has subject area,deals with,1
has part,prepare,0
paper,contribution,1
has a program committee,oc member,0
email,has email,1
simulating,member pc,0
has conference member,has member,1
has an organizing committee,member of program committee,0
member of conference,is member of,1
regular author,departure,0
has author,is written by,1
tutorial,call,0
has been assigned,is reviewing,1
has bid,indonesia,0
assigned to,is reviewed by,1
enable virtual meeting,has a date of issue,0
conference member,conference participant,1
two level conference,email,0
author,paper author,1
parallel with,has a steering committee,0
written by,review written by,1
has street,program committee,0
has been assigned,reviewer of paper,1
ukraine,speaker,0
assigned to,has reviewer,1
listener,registeered applicant,0
paper full version,regular paper,1
student,deadline for notification of acceptance,0
conference participant,participant,1
end review,written by,0
has an email,has email,1
pc member,hong kong,0
conference contribution,contribution,1
program committee member,dinner banquet,0
has a trackworkshoptutorial topic,has topic,1
madagascar,meta review,0
has the last name,has surname,1
presentation of paper,remark,0
has the first name,has first name,1
review expertise,conference session,0
conference participant,attendee,1
paper due on,demo session,0
conference part,conference event,1
is location of,assigned paper,0
has a review expertise,has rating,1
australia,end review,0
has the last name,has last name,1
adjust bid,is location of,0
rejected contribution,rejected paper,1
ends on,has part,0
accepted contribution,accepted paper,1
presenter state,has postal code,0
information for participants,programme brochure,1
has a location,sri lanka,0
has a review,has review,1
max choice,has decision,0
late paid applicant,late registered participant,1
camera ready event,single hotel room,0
early paid applicant,early registered participant,1
banquet,extended abstract,0
organization,organisation,1
registration of participants event,conference fees,0
trackworkshop chair,workshop chair,1
university,is signed by,0
rejected contribution,rejected paper,1
sc member,enter conference details,0
poster,poster paper,1
czech republic,record of attendance,0
topic,research topic,1
belongs to a review reference,conference event,0
conference www,web site,1
paper assignment finalized by,is topic of,0
contributes,author of,1
author attendee cd registration fee,assigned by reviewer,0
accepted contribution,accepted paper,1
track,review,0
reviewed contribution,evaluated paper,1
has a publisher,student non speaker,0
submitted contribution,submitted paper,1
paper id,hotel room,0
regular author,paper author,1
deals with,has program committee member,0
passive conference participant,listener,1
accepting manuscript,invited talk,0
active conference participant,speaker,1
document,information for participants,0
conference fees,fee,1
worker non speaker,has a date of issue,0
contributes,write,1
is an abstract submission date,qatar,0
conference part,conference activity,1
has a committee chair,video cassette player,0
submitted contribution,submission,1
written by,paper assignment tools run by,0
camera ready contribution,final manuscript,1
is held after,location of,0
conference proceedings,publication,1
presenter house,associated chair,0
trip,excursion,1
active conference participant,proceedings publisher,0
reviewes,is reviewing,1
research institute,accepts hardcopy submissions,0
written by,is written by,1
plenary lecture,computer architecture topic,0
working event,academic event,1
lcd projector,has a publisher,0
has surname,has last name,1
ukraine,read by reviewer,0
event,conference event,1
held in,france,0
participant,attendee,1
administrator,early registration,0
member pc,tpcm ember,1
review form,has a publisher,0
writes,has related paper,1
gives presentations,has subject area,0
