source,target,rel
conference,conference volume,1
conference,is paid by,0
preference,review preference,1
has short title,trip city,0
author,regular author,1
name of conference,details entered by,0
email,has an email,1
main office,enable virtual meeting,0
coauthor,contribution coauthor,1
accepting manuscript,document,0
paper abstract,abstract,1
has a url,contact email,0
document,conference document,1
max choice,paper,0
chairman,chair,1
invites coreviewers,author,0
subject area,topic,1
read by reviewer,speak in,0
assigned by reviewer,invited by,1
has home page,deadline abstract submission,0
assign external reviewer,invites coreviewers,1
accepted by,chair,0
program committee chair,chair pc,1
topic,invited talk,0
write paper,writes,1
has fax,write,0
conference member,member,1
paid applicant,regular,0
title,has title,1
nation,belong to a conference volume,0
paper full version,paper,1
has email,finalize paper assignment,0
has been assigned,reviewes,1
organizing committee,is dated on,0
has author,written by,1
participant,has review,0
program committee member,member pc,1
invited speaker,presentation,0
has subject area,deals with,1
cochair,hotel registration form,0
paper,contribution,1
held in,written by,0
email,has email,1
design,conference document,0
conference member,conference participant,1
has been assigned,has a review expertise,0
author,paper author,1
student,document,0
written by,review written by,1
scholar,has the last name,0
has been assigned,reviewer of paper,1
award,is sent before,0
assigned to,has reviewer,1
regular author,session chair,0
paper full version,regular paper,1
sponsor company house,regular paper,0
conference chair,general chair,1
set max papers,organization,0
program committee chair,program chair,1
publication,reception,0
submit paper,submit,1
accepts hardcopy submissions,session chair,0
conference participant,participant,1
has part,has workshops,0
has an email,has email,1
participant,main office,0
conference contribution,contribution,1
registration of participants event,invited speaker,0
has a trackworkshoptutorial topic,has topic,1
speaker,brief introduction for session chair,0
has the last name,has surname,1
demo chair,working event,0
has the first name,has first name,1
has author,has part,0
information for participants,programme brochure,1
conference hall,social event,0
has a review,has review,1
workshop,has fax,0
late paid applicant,late registered participant,1
passive conference participant,viza,0
early paid applicant,early registered participant,1
conference,parallel with,0
organization,organisation,1
conference paper,fee,0
trackworkshop chair,workshop chair,1
has home page,conference chair,0
rejected contribution,rejected paper,1
coauthor,has home page,0
poster,poster paper,1
review preference,organizator,0
topic,research topic,1
invited talk abstract,has a program committee,0
conference www,web site,1
reviewing results event,person,0
contributes,author of,1
has amount of,is a date of camera ready paper submission,0
accepted contribution,accepted paper,1
scholar,member of program committee,0
reviewed contribution,evaluated paper,1
reviewes,bid,0
submitted contribution,submitted paper,1
has contributions,notification until,0
regular author,paper author,1
document,is held after,0
passive conference participant,listener,1
has the first name,scholar,0
active conference participant,speaker,1
has a review,topic covered by,0
conference fees,fee,1
is held in,deadline abstract submission,0
contributes,write,1
email,rejected paper,0
conference part,conference activity,1
platinum supporter,neutral review,0
submitted contribution,submission,1
acm sigkdd,run paper assignment tools,0
camera ready contribution,final manuscript,1
banquet,late paid applicant,0
conference proceedings,publication,1
name,has vat,0
has an email,email,1
has an abstract,paper presented as,0
is given by,presentationed by,1
simulating,is part of conference volumes,0
gives presentations,presentation,1
one conference day,program committee,0
working event,scientific event,1
participant,city of conference,0
banquet,conference banquet,1
written contribution,person,0
participant,conference participant,1
has been assigned,conference,0
chair pc,pc chair,1
committee,publication,0
trip,conference trip,1
coauthor,has short title,0
member pc,pc member,1
contribution,fernando alvarez,0
scholar,student,1
nation,session,0
