source,target,rel
program committee chair,chair pc,1
conference hall,demo paper,0
write paper,writes,1
computer networks switching topic,external reviewer,0
conference member,member,1
computer networks topic,organizator,0
title,has title,1
is given by,abstract,0
subject area,topic,1
track,sponzor fee,0
paper full version,paper,1
tutorial,reviewing results event,0
has been assigned,reviewes,1
hotel room,evaluated paper,0
has author,written by,1
country,rejection,0
program committee member,member pc,1
pay,van,0
has subject area,deals with,1
deadline paper submission,meal menu,0
paper,contribution,1
designed by,country,0
email,has email,1
shuttle bus,conference banquet,0
has conference member,has member,1
has street,tutorial chair,0
member of conference,is member of,1
listener,poland,0
has author,is written by,1
form,name,0
has been assigned,is reviewing,1
simulating,submit until,0
assigned to,is reviewed by,1
new zealand,has been assigned,0
conference member,conference participant,1
saudi arabia,card,0
author,paper author,1
program committee chair,conference hall,0
written by,review written by,1
remark,administrator,0
has been assigned,reviewer of paper,1
taxi,employed by,0
assigned to,has reviewer,1
azerbaijan,introduction of speaker,0
paper full version,regular paper,1
main office,has amount of,0
conference chair,general chair,1
member pc,powerline transmission topic,0
program committee chair,program chair,1
la senda,has short title,0
submit paper,submit,1
author,deadline abstract submission,0
trip,excursion,1
croatia,general chair,0
reviewes,is reviewing,1
has vat,conference venue place,0
written by,is written by,1
best paper awards committee,has postal code,0
working event,academic event,1
follows,submitted paper,0
has surname,has last name,1
is reviewed by,best paper awards committee,0
event,conference event,1
has program committee member,poster session,0
participant,attendee,1
acm sigkdd,programme brochure,0
member pc,tpcm ember,1
name of conference,lecturer,0
writes,has related paper,1
best student paper supporter,site url,0
poster,poster paper,1
nigeria,writes,0
working event,scientific event,1
trip day,organizator,0
banquet,conference banquet,1
registration student,author book proceedings included,0
topic,research topic,1
accept paper,person,0
participant,conference participant,1
submission event,designed by,0
chair pc,pc chair,1
reviewer of paper,cryptography topic,0
organization,organisation,1
research topic,united kingdom,0
trip,conference trip,1
end review,has submission deadline,0
member pc,pc member,1
parallel with,iran,0
scholar,student,1
has cost currency,design,0
event,activity,1
has conflict of interest,exhibitor,0
banquet,dinner banquet,1
person,name of sponsor,0
administrative event,activity before conference,1
best paper awards committee,publication,0
reception,coctail reception,1
author of paper student,has administrative event,0
country,state,1
early registration,payed by,0
member pc,program committee member,1
presentationed by,is present,0
has email,email,1
study at,accepted by,0
chair pc,program chair,1
hotel,meal menu,0
conference dinner,conference banquet,1
done till,pay,0
academic event,scientific event,1
reviewer,has street,0
is reviewed by,has reviewer,1
rejection,deadline,0
place,location,1
city of conference,assign reviewer,0
academia organization,academic institution,1
france,deadline,0
is reviewing,reviewer of paper,1
registration fee,location,0
is location of,location of,1
starts on,tutorial,0
programme,programme brochure,1
technical commitee,vietnam,0
attendee,conference participant,1
science worker,added by,0
has location,held in,1
referenced in,administrative event,0
