source,target,rel
conference participant,participant,1
conference hall,conference,0
has an email,has email,1
presentation,references,0
conference contribution,contribution,1
peru,submitted contribution,0
conference volume,conference,1
was a member of,follows,0
has a trackworkshoptutorial topic,has topic,1
mailing list,conference fees,0
regular author,author,1
organization,has an abstract,0
has the last name,has surname,1
price,steering committee,0
has the first name,has first name,1
refusing manuscript,min choice,0
conference participant,attendee,1
silver supporter,max choice,0
conference part,conference event,1
nepal,organizing committee,0
conference document,document,1
is submitted at,conference paper,0
has a review expertise,has rating,1
has a topic or a submission contribution,student,0
has the last name,has last name,1
has a publisher,has call,0
rejected contribution,rejected paper,1
referenced in,default choice,0
accepted contribution,accepted paper,1
building,participant,0
information for participants,programme brochure,1
camera ready contribution,is occupied by,0
has a review,has review,1
rejected contribution,poster,0
late paid applicant,late registered participant,1
scientifically organises,organization,0
early paid applicant,early registered participant,1
has title,slide set,0
organization,organisation,1
university,has an isbn,0
trackworkshop chair,workshop chair,1
activity before conference,organising agency,0
rejected contribution,rejected paper,1
social event,has topic,0
poster,poster paper,1
organizing committee member,company,0
topic,research topic,1
parallel and distributed computing topic,organizing committee member,0
conference www,web site,1
early registered participant,is an ending date,0
contributes,author of,1
peso,best student paper award,0
accepted contribution,accepted paper,1
lecture,holded by,0
reviewed contribution,evaluated paper,1
program chair,pending paper,0
submitted contribution,submitted paper,1
invited speaker,web site,0
regular author,paper author,1
simulating,acm sigkdd,0
passive conference participant,listener,1
is paid by,has related paper,0
active conference participant,speaker,1
has short title,building,0
conference fees,fee,1
event,north korea,0
contributes,write,1
workshop chair,science worker,0
conference part,conference activity,1
presenter university,place,0
submitted contribution,submission,1
award,conference contribution,0
camera ready contribution,final manuscript,1
submit,georgia,0
conference proceedings,publication,1
prepare,meal break,0
has an email,email,1
bank transfer,has a steering committee,0
is given by,presentationed by,1
invited speaker,price,0
gives presentations,presentation,1
is reviewing,employed by,0
trip,excursion,1
award,important dates,0
reviewes,is reviewing,1
computer networks topic,review,0
written by,is written by,1
libya,presentationed by,0
working event,academic event,1
has keyword,pay,0
has surname,has last name,1
tutorial abstract,computer networks measurements topic,0
event,conference event,1
administrator,reviews,0
participant,attendee,1
was a committe cochair of,has name,0
member pc,tpcm ember,1
ethiopia,research topic,0
writes,has related paper,1
best student paper supporter,workshop,0
working event,scientific event,1
paid applicant,speaker lecture,0
author,paper author,1
is needed for,conference,0
banquet,conference banquet,1
tutorial abstract,has topic,0
contribution,paper,1
was a committe cochair of,introduction of speaker,0
participant,conference participant,1
proceedings,document,0
chair pc,pc chair,1
conference participant,speak in,0
trip,conference trip,1
obtain,manuscript due on,0
member pc,pc member,1
colombia,written by,0
scholar,student,1
has the last name,has reviewer,0
event,activity,1
deadline,abstract,0
banquet,dinner banquet,1
norway,lists event,0
administrative event,activity before conference,1
has start date time,program committee,0
reception,coctail reception,1
event on list,written contribution,0
country,state,1
give,submission event,0
member pc,program committee member,1
trip day,name of conference,0
has email,email,1
flyer,is made from,0
chair pc,program chair,1
full day tour,date,0
conference dinner,conference banquet,1
notification until,personal publication history,0
academic event,scientific event,1
is reviewing,has topic,0
is reviewed by,has reviewer,1
university,sponzor fee,0
place,location,1
written by,need,0
academia organization,academic institution,1
gold supporter,latvia,0
is reviewing,reviewer of paper,1
abstract,nicaragua,0
is location of,location of,1
university,conference volume,0
programme,programme brochure,1
conference airport,initiates,0
attendee,conference participant,1
poland,organising agency,0
has location,held in,1
trip,saudi arabia,0
